pm10,pm25,so2,co,o3,no2,categori
51,65,45,9,8,79,SEDANG
27,34,45,5,8,56,SEDANG
,52,46,6,9,51,SEDANG
46,65,46,8,9,38,SEDANG
37,55,47,7,11,28,SEDANG
43,62,50,7,15,14,SEDANG
40,52,48,8,12,10,SEDANG
40,62,48,12,12,18,SEDANG
33,44,47,14,12,24,BAIK
58,46,48,22,12,33,SEDANG
37,47,7,26,17,17,BAIK
63,96,11,26,27,52,SEDANG
67,97,14,28,28,62,SEDANG
62,78,13,25,24,52,SEDANG
48,63,12,30,24,51,SEDANG
67,102,13,34,26,58,TIDAK SEHAT
58,83,15,28,29,39,SEDANG
48,68,12,22,36,34,SEDANG
50,65,13,19,44,31,SEDANG
40,62,15,20,34,24,SEDANG
55,76,14,26,37,34,SEDANG
40,54,10,18,31,26,SEDANG
24,45,9,15,30,24,BAIK
33,53,10,20,31,29,SEDANG
27,47,9,17,34,23,BAIK
27,46,9,19,27,25,BAIK
32,52,13,17,25,20,SEDANG
46,69,12,21,35,32,SEDANG
44,60,11,24,33,37,SEDANG
41,60,14,21,25,38,SEDANG
57,77,20,22,24,33,SEDANG
40,52,13,18,24,25,SEDANG
53,71,13,22,23,40,SEDANG
52,70,14,25,17,41,SEDANG
50,71,13,25,22,49,SEDANG
52,69,11,23,31,51,SEDANG
41,58,13,19,26,35,SEDANG
53,73,19,22,20,34,SEDANG
51,74,13,25,28,34,SEDANG
50,65,13,17,28,28,SEDANG
53,70,16,18,27,33,SEDANG
78,111,58,15,35,44,TIDAK SEHAT
80,109,58,12,30,48,TIDAK SEHAT
71,93,56,13,30,32,SEDANG
56,69,58,15,27,58,SEDANG
75,112,56,30,21,63,TIDAK SEHAT
59,83,55,18,18,38,SEDANG
52,71,55,13,24,19,SEDANG
55,82,56,14,29,21,SEDANG
43,67,55,11,22,18,SEDANG
65,95,56,23,26,27,SEDANG
34,55,54,6,14,18,SEDANG
34,57,55,18,10,52,SEDANG
32,55,54,7,14,19,SEDANG
28,52,54,11,11,34,SEDANG
36,58,54,9,10,41,SEDANG
48,72,54,11,14,24,SEDANG
39,59,54,12,15,34,SEDANG
35,58,54,11,15,33,SEDANG
54,79,54,20,12,60,SEDANG
50,68,54,13,11,43,SEDANG
54,74,55,18,11,64,SEDANG
57,81,54,14,11,39,SEDANG
43,63,54,14,15,37,SEDANG
46,63,54,13,16,23,SEDANG
40,60,54,9,14,28,SEDANG
48,63,54,14,9,63,SEDANG
50,68,54,16,11,68,SEDANG
55,13,54,11,14,27,SEDANG
57,16,54,9,14,24,SEDANG
83,113,27,27,13,8,TIDAK SEHAT
40,57,56,10,23,16,SEDANG
27,46,54,5,28,,SEDANG
36,59,55,14,22,33,SEDANG
31,53,54,7,27,8,SEDANG
33,55,55,11,21,26,SEDANG
36,57,55,7,21,17,SEDANG
49,67,54,6,32,10,SEDANG
52,70,55,13,23,27,SEDANG
51,64,55,8,20,21,SEDANG
62,87,56,10,18,27,SEDANG
42,53,55,6,22,6,SEDANG
52,70,55,11,18,26,SEDANG
54,71,55,8,23,18,SEDANG
48,70,55,11,22,26,SEDANG
57,76,55,9,27,23,SEDANG
51,65,55,8,23,22,SEDANG
59,76,55,10,17,47,SEDANG
52,73,55,13,24,43,SEDANG
55,68,55,5,28,9,SEDANG
52,72,55,6,25,12,SEDANG
55,83,51,20,17,43,SEDANG
56,81,51,16,25,31,SEDANG
59,80,51,16,31,20,SEDANG
35,56,51,17,16,52,SEDANG
61,96,52,30,10,78,SEDANG
62,92,52,19,16,65,SEDANG
52,69,52,11,19,31,SEDANG
47,69,52,12,25,32,SEDANG
54,84,52,11,22,43,SEDANG
56,82,51,24,17,38,SEDANG
20,50,54,11,12,47,SEDANG
51,68,58,16,18,53,SEDANG
56,77,61,11,31,43,SEDANG
44,54,56,11,19,27,SEDANG
27,39,57,11,14,52,SEDANG
35,54,57,10,16,28,SEDANG
37,51,57,8,16,22,SEDANG
52,67,58,12,14,32,SEDANG
64,89,52,9,13,30,SEDANG
53,93,52,4,12,28,SEDANG
52,57,52,6,12,27,SEDANG
30,,112,20,8,77,TIDAK SEHAT
22,54,46,15,24,44,SEDANG
49,68,46,12,38,36,SEDANG
52,77,45,14,34,44,SEDANG
49,52,46,10,27,32,SEDANG
50,62,48,13,25,31,SEDANG
49,66,49,10,34,41,SEDANG
51,58,47,10,24,36,SEDANG
30,26,45,8,18,21,BAIK
34,53,46,8,25,25,SEDANG
39,49,45,6,20,20,BAIK
55,72,47,10,21,30,SEDANG
41,47,48,10,25,24,BAIK
45,54,51,8,16,30,SEDANG
45,58,47,11,14,27,SEDANG
19,31,46,,12,20,BAIK
26,28,44,,17,17,BAIK
36,50,46,6,15,14,BAIK
24,26,44,3,17,11,BAIK
20,38,44,5,15,12,BAIK
31,37,45,8,14,14,BAIK
43,56,48,11,14,22,SEDANG
39,59,48,9,17,26,SEDANG
21,18,45,,17,22,BAIK
35,53,45,13,17,30,SEDANG
30,,44,8,17,28,BAIK
39,67,46,31,14,28,SEDANG
25,49,47,19,24,30,BAIK
67,103,34,18,26,,TIDAK SEHAT
53,74,35,9,27,,SEDANG
43,56,,7,25,20,SEDANG
42,62,57,10,22,20,SEDANG
38,55,56,14,16,45,SEDANG
46,68,58,9,29,26,SEDANG
59,87,59,14,34,29,SEDANG
44,55,57,11,19,23,SEDANG
29,50,58,6,14,32,SEDANG
35,51,59,8,12,44,SEDANG
47,58,57,15,12,44,SEDANG
21,32,56,8,12,21,SEDANG
25,32,54,7,13,18,SEDANG
31,48,54,8,13,18,SEDANG
21,30,53,6,13,11,SEDANG
29,38,53,6,12,14,SEDANG
29,41,53,7,13,17,SEDANG
40,58,55,9,14,38,SEDANG
55,69,59,7,14,43,SEDANG
24,23,53,5,16,17,SEDANG
39,55,54,15,14,47,SEDANG
37,51,53,12,13,48,SEDANG
51,64,54,17,13,68,SEDANG
25,44,53,8,19,26,SEDANG
74,110,10,20,24,10,TIDAK SEHAT
56,80,12,11,27,13,SEDANG
54,66,13,7,18,14,SEDANG
53,72,13,10,20,15,SEDANG
61,62,10,14,17,19,SEDANG
51,70,11,10,31,16,SEDANG
62,84,10,15,23,19,SEDANG
55,76,10,22,21,20,SEDANG
61,84,12,14,17,14,SEDANG
70,102,12,11,26,13,TIDAK SEHAT
63,81,11,16,17,19,SEDANG
37,49,10,11,10,8,BAIK
45,62,10,10,15,13,SEDANG
50,64,11,9,16,10,SEDANG
58,78,10,12,15,15,SEDANG
49,62,11,6,11,9,SEDANG
42,56,10,7,8,9,SEDANG
53,67,13,13,6,12,SEDANG
30,36,24,7,6,8,BAIK
28,46,24,8,7,8,BAIK
50,64,24,8,7,6,SEDANG
31,50,24,4,7,3,BAIK
36,58,24,5,9,6,SEDANG
46,61,24,6,7,6,SEDANG
46,62,25,7,12,8,SEDANG
58,77,27,7,16,14,SEDANG
38,47,24,5,11,10,BAIK
43,59,24,16,10,14,SEDANG
51,63,24,14,11,13,SEDANG
71,82,24,23,13,12,SEDANG
40,57,25,7,17,15,SEDANG
58,99,40,18,55,12,SEDANG
40,68,40,9,65,11,SEDANG
32,54,39,7,63,10,SEDANG
38,59,46,10,55,12,SEDANG
30,52,37,15,48,15,SEDANG
32,64,39,12,61,14,SEDANG
53,86,40,23,62,,SEDANG
37,55,38,12,43,,SEDANG
54,81,21,18,35,3,SEDANG
43,73,18,11,70,7,SEDANG
37,60,12,57,51,6,SEDANG
28,20,11,6,43,4,BAIK
25,52,21,8,38,6,SEDANG
30,50,19,8,58,6,SEDANG
51,81,24,11,55,11,SEDANG
23,49,24,5,43,6,BAIK
34,57,39,7,47,8,SEDANG
37,56,25,8,39,8,SEDANG
16,29,19,6,46,6,BAIK
17,28,33,7,23,6,BAIK
26,51,37,10,18,5,SEDANG
14,23,31,9,19,2,BAIK
17,40,31,9,17,3,BAIK
23,44,32,10,17,3,BAIK
36,60,38,12,19,4,SEDANG
27,54,37,10,26,9,SEDANG
25,28,30,8,35,12,BAIK
46,66,31,18,34,16,SEDANG
30,53,29,14,35,14,SEDANG
40,63,29,15,37,16,SEDANG
22,49,33,9,40,17,BAIK
65,89,14,54,13,,SEDANG
52,73,14,38,17,,SEDANG
47,57,14,31,9,,SEDANG
54,73,14,34,13,,SEDANG
39,58,15,46,14,,SEDANG
45,67,15,34,22,3,SEDANG
54,70,15,70,14,24,SEDANG
51,72,15,68,20,15,SEDANG
55,67,15,46,13,22,SEDANG
47,67,34,11,20,42,SEDANG
58,80,35,15,17,43,SEDANG
37,48,43,8,3,56,SEDANG
50,66,44,7,11,55,SEDANG
42,52,43,10,10,57,SEDANG
57,78,43,17,5,54,SEDANG
47,60,44,7,6,57,SEDANG
50,65,46,8,5,,SEDANG
56,76,49,13,6,23,SEDANG
32,34,45,6,9,76,SEDANG
32,45,44,7,8,66,SEDANG
81,112,27,26,10,11,TIDAK SEHAT
70,97,27,20,15,8,SEDANG
49,70,27,30,13,11,SEDANG
86,116,28,34,11,9,TIDAK SEHAT
61,92,28,28,14,12,SEDANG
60,83,28,19,19,7,SEDANG
55,76,28,20,19,9,SEDANG
53,77,28,20,19,11,SEDANG
73,96,28,33,14,10,SEDANG
45,62,28,17,15,8,SEDANG
31,51,28,13,12,5,SEDANG
44,61,28,23,9,7,SEDANG
37,60,28,15,13,6,SEDANG
31,54,28,18,10,6,SEDANG
43,64,28,16,11,6,SEDANG
51,76,28,17,19,8,SEDANG
52,67,28,21,14,10,SEDANG
44,64,28,21,12,9,SEDANG
69,95,29,22,9,7,SEDANG
58,76,28,18,10,6,SEDANG
64,83,29,26,9,7,SEDANG
63,84,29,23,11,6,SEDANG
53,74,28,21,14,8,SEDANG
58,79,28,13,12,8,SEDANG
56,71,29,12,13,6,SEDANG
62,80,29,18,10,3,SEDANG
60,80,29,24,14,3,SEDANG
60,81,29,13,18,5,SEDANG
70,91,29,16,18,6,SEDANG
64,104,22,30,76,28,TIDAK SEHAT
72,120,23,35,69,32,TIDAK SEHAT
58,95,24,24,74,27,SEDANG
51,77,24,28,62,24,SEDANG
74,125,22,31,69,27,TIDAK SEHAT
55,83,24,22,55,15,SEDANG
52,77,24,20,71,12,SEDANG
45,73,25,18,77,13,SEDANG
41,68,27,15,60,10,SEDANG
57,85,24,25,62,17,SEDANG
35,58,24,17,62,15,SEDANG
25,51,22,14,74,8,SEDANG
35,61,24,23,62,16,SEDANG
28,55,22,15,79,8,SEDANG
30,54,23,20,62,14,SEDANG
23,53,25,17,60,11,SEDANG
41,71,23,18,77,14,SEDANG
44,69,23,21,67,18,SEDANG
34,61,25,18,57,19,SEDANG
57,90,27,25,59,19,SEDANG
68,60,23,20,67,15,SEDANG
56,85,24,26,56,22,SEDANG
56,75,16,21,29,44,SEDANG
53,79,12,23,32,41,SEDANG
53,66,54,23,12,76,SEDANG
50,62,55,10,20,42,SEDANG
35,41,54,6,20,31,SEDANG
39,55,54,8,22,32,SEDANG
30,54,54,9,20,31,SEDANG
31,51,54,5,19,19,SEDANG
31,46,55,6,19,25,SEDANG
24,44,54,4,20,12,SEDANG
33,45,55,6,13,24,SEDANG
63,86,55,30,14,85,SEDANG
46,61,54,10,19,37,SEDANG
33,55,54,3,23,14,SEDANG
41,58,54,5,22,22,SEDANG
37,50,54,4,23,21,SEDANG
36,44,54,10,15,36,SEDANG
26,32,54,6,18,18,SEDANG
45,62,14,30,23,37,SEDANG
43,64,17,22,15,37,SEDANG
33,51,17,20,22,27,SEDANG
34,54,14,19,20,25,SEDANG
24,43,13,19,20,22,BAIK
25,38,15,17,17,21,BAIK
23,35,14,17,20,21,BAIK
19,34,13,15,22,15,BAIK
29,30,17,17,19,21,BAIK
53,72,17,27,20,35,SEDANG
35,47,12,17,14,21,BAIK
31,50,11,13,21,19,BAIK
42,60,14,15,19,25,SEDANG
36,52,12,17,17,29,SEDANG
32,44,15,16,22,22,BAIK
23,27,13,13,23,20,BAIK
24,37,14,12,21,16,BAIK
22,35,16,11,20,17,BAIK
29,47,14,13,18,18,BAIK
27,47,13,17,10,16,BAIK
28,51,18,16,11,18,SEDANG
24,28,10,17,17,26,BAIK
63,100,15,31,30,47,SEDANG
52,71,13,15,38,30,SEDANG
44,64,13,16,25,39,SEDANG
52,73,13,21,25,37,SEDANG
57,77,13,22,17,43,SEDANG
62,92,19,22,33,45,SEDANG
62,90,16,19,35,50,SEDANG
45,16,51,14,15,48,SEDANG
49,12,27,34,17,13,BAIK
55,69,25,28,8,6,SEDANG
59,72,26,21,8,7,SEDANG
46,58,26,21,6,7,SEDANG
49,61,26,25,8,5,SEDANG
39,56,26,22,6,4,SEDANG
27,34,55,6,15,17,SEDANG
26,33,55,5,16,17,SEDANG
32,46,55,5,17,21,SEDANG
26,52,54,6,15,19,SEDANG
31,55,55,5,17,19,SEDANG
26,34,54,4,19,26,SEDANG
70,111,55,22,28,82,TIDAK SEHAT
55,69,55,5,32,19,SEDANG
53,66,56,5,33,16,SEDANG
63,83,58,8,25,42,SEDANG
57,68,56,4,24,19,SEDANG
65,90,55,8,40,30,SEDANG
69,91,56,11,39,31,SEDANG
65,83,59,11,31,33,SEDANG
60,82,55,11,33,34,SEDANG
46,66,50,14,15,28,SEDANG
48,64,50,11,9,20,SEDANG
48,57,50,12,5,20,SEDANG
43,56,50,14,13,61,SEDANG
44,56,50,9,13,62,SEDANG
48,61,50,8,9,58,SEDANG
38,52,50,6,10,52,SEDANG
23,28,49,3,13,34,BAIK
29,25,50,4,12,40,BAIK
54,73,51,21,11,91,SEDANG
51,63,51,20,,79,SEDANG
41,55,52,7,15,38,SEDANG
54,68,51,9,16,44,SEDANG
,65,51,11,12,43,SEDANG
23,40,51,8,10,62,SEDANG
16,26,51,4,12,53,SEDANG
18,21,51,5,10,58,SEDANG
22,40,51,5,11,51,SEDANG
43,63,51,9,10,75,SEDANG
41,62,51,7,10,49,SEDANG
50,68,51,8,13,62,SEDANG
38,53,51,9,14,40,SEDANG
59,99,51,27,21,106,TIDAK SEHAT
54,73,51,10,25,31,SEDANG
44,61,51,8,23,29,SEDANG
44,68,51,13,19,54,SEDANG
57,84,52,15,18,37,SEDANG
63,90,51,23,18,72,SEDANG
56,16,51,13,20,29,SEDANG
37,55,26,18,5,3,SEDANG
31,47,26,18,6,2,BAIK
26,39,26,15,6,2,BAIK
30,30,26,16,6,3,BAIK
72,96,26,39,5,8,SEDANG
70,78,26,27,8,4,SEDANG
37,53,26,17,6,2,SEDANG
49,64,26,19,7,4,SEDANG
52,65,26,21,6,4,SEDANG
38,45,26,21,6,4,BAIK
24,31,26,17,5,3,BAIK
23,31,26,16,5,4,BAIK
30,51,26,17,4,3,SEDANG
53,67,27,20,4,3,SEDANG
43,59,27,19,3,4,SEDANG
48,67,27,21,4,4,SEDANG
70,122,27,40,8,11,TIDAK SEHAT
57,78,27,18,11,7,SEDANG
50,69,27,17,12,4,SEDANG
,93,27,23,9,7,SEDANG
64,92,27,25,8,9,SEDANG
90,128,27,27,12,10,TIDAK SEHAT
74,96,27,23,10,11,SEDANG
62,86,27,23,13,9,SEDANG
61,82,27,27,13,9,SEDANG
52,82,21,29,50,13,SEDANG
41,69,23,21,54,21,SEDANG
35,54,22,19,51,14,SEDANG
33,60,22,18,42,10,SEDANG
18,38,21,14,46,6,BAIK
18,34,23,13,49,6,BAIK
22,28,22,13,48,6,BAIK
17,28,22,12,46,4,BAIK
27,41,25,14,45,10,BAIK
56,92,25,36,48,18,SEDANG
42,60,20,24,57,9,SEDANG
30,56,21,15,51,10,SEDANG
40,64,22,17,53,13,SEDANG
35,61,21,18,57,16,SEDANG
32,45,23,16,43,9,BAIK
21,33,23,14,46,9,BAIK
26,39,23,12,45,7,BAIK
18,39,27,12,41,7,BAIK
21,50,23,14,34,6,BAIK
23,54,22,15,22,5,SEDANG
40,65,27,16,31,7,SEDANG
31,43,21,17,55,14,SEDANG
59,108,23,39,59,19,TIDAK SEHAT
54,83,25,19,74,16,SEDANG
42,64,30,18,65,15,SEDANG
51,81,25,23,58,22,SEDANG
56,86,24,23,59,25,SEDANG
63,109,27,26,61,22,TIDAK SEHAT
65,104,27,24,70,26,TIDAK SEHAT
60,87,24,25,68,21,SEDANG
57,94,22,28,79,22,SEDANG
52,78,23,22,61,20,SEDANG
52,78,25,21,70,20,SEDANG
49,75,23,22,83,22,SEDANG
47,70,30,14,45,13,SEDANG
51,75,23,26,59,17,SEDANG
49,72,23,20,68,15,SEDANG
44,66,24,17,72,12,SEDANG
47,75,24,18,73,17,SEDANG
47,63,15,19,26,34,SEDANG
54,75,14,18,27,30,SEDANG
58,85,13,24,30,43,SEDANG
62,87,14,24,25,50,SEDANG
60,88,14,27,22,47,SEDANG
59,82,15,18,26,38,SEDANG
64,92,16,20,23,42,SEDANG
63,87,19,18,20,47,SEDANG
62,93,16,18,22,44,SEDANG
56,84,19,12,30,27,SEDANG
52,74,18,11,28,27,SEDANG
53,75,18,10,28,27,SEDANG
52,64,16,8,25,25,SEDANG
61,85,18,10,28,39,SEDANG
62,78,14,20,26,40,SEDANG
65,98,19,17,28,40,SEDANG
64,86,17,17,21,39,SEDANG
67,97,18,20,18,48,SEDANG
63,92,15,17,25,36,SEDANG
65,91,17,15,26,32,SEDANG
62,97,25,14,23,45,SEDANG
65,92,20,12,24,37,SEDANG
59,78,20,11,22,32,SEDANG
60,74,16,13,19,30,SEDANG
39,53,12,15,16,30,SEDANG
61,82,26,21,19,38,SEDANG
64,92,22,15,25,39,SEDANG
67,100,18,14,29,42,SEDANG
64,86,19,10,32,36,SEDANG
59,85,19,8,29,38,SEDANG
70,101,17,10,27,44,TIDAK SEHAT
51,66,55,6,24,13,SEDANG
60,79,55,7,24,11,SEDANG
59,83,55,8,32,14,SEDANG
65,89,55,12,22,24,SEDANG
64,94,56,18,20,43,SEDANG
69,90,55,10,25,19,SEDANG
72,97,55,12,21,27,SEDANG
58,70,56,9,19,32,SEDANG
49,62,56,9,16,39,SEDANG
47,57,55,7,12,40,SEDANG
28,39,56,4,16,15,SEDANG
23,30,54,5,18,22,SEDANG
59,71,55,14,11,68,SEDANG
51,62,57,9,11,54,SEDANG
32,35,54,9,13,36,SEDANG
52,71,48,16,16,21,SEDANG
39,53,47,12,10,33,SEDANG
33,45,48,9,9,33,BAIK
31,49,48,5,7,17,BAIK
52,74,49,14,12,40,SEDANG
61,74,50,16,9,37,SEDANG
35,52,48,9,9,28,SEDANG
56,75,50,22,8,80,SEDANG
49,67,54,9,16,17,SEDANG
52,63,51,7,21,8,SEDANG
50,68,50,19,14,52,SEDANG
50,64,50,12,15,19,SEDANG
57,72,52,14,18,187,TIDAK SEHAT
43,55,51,10,20,202,TIDAK SEHAT
41,63,51,13,16,,SEDANG
64,87,53,19,12,22,SEDANG
53,70,52,16,10,12,SEDANG
47,63,50,14,15,8,SEDANG
50,67,49,17,19,12,SEDANG
65,93,50,15,21,13,SEDANG
58,79,49,14,20,17,SEDANG
59,71,48,12,8,17,SEDANG
44,59,49,7,15,14,SEDANG
44,62,49,6,13,29,SEDANG
37,50,50,7,9,16,BAIK
41,56,49,10,12,29,SEDANG
64,88,50,20,14,19,SEDANG
47,62,50,10,11,21,SEDANG
54,13,50,12,12,41,SEDANG
68,90,25,15,18,14,SEDANG
50,59,24,10,12,9,SEDANG
,56,25,7,11,10,SEDANG
52,72,49,17,18,37,SEDANG
50,62,49,12,19,26,SEDANG
33,51,48,10,20,22,SEDANG
24,38,46,9,16,14,BAIK
38,67,47,13,18,28,SEDANG
47,61,47,9,18,32,SEDANG
32,49,49,8,15,22,BAIK
42,60,47,6,15,20,SEDANG
51,72,51,6,21,31,SEDANG
46,57,51,7,28,20,SEDANG
39,57,50,9,23,23,SEDANG
33,54,50,7,25,23,SEDANG
39,52,51,7,26,28,SEDANG
25,38,52,8,26,24,SEDANG
35,55,,18,22,29,SEDANG
57,73,20,28,20,40,SEDANG
36,50,16,21,23,23,BAIK
38,55,15,20,24,26,SEDANG
46,66,16,24,14,39,SEDANG
42,61,16,21,21,31,SEDANG
52,73,20,32,24,37,SEDANG
56,73,19,22,23,35,SEDANG
38,56,16,20,23,29,SEDANG
38,57,20,20,12,19,SEDANG
26,37,20,16,22,19,BAIK
25,42,13,17,18,24,BAIK
44,63,14,25,16,32,SEDANG
43,59,14,21,13,31,SEDANG
33,44,13,22,14,29,BAIK
55,,54,15,25,49,SEDANG
48,62,55,15,16,57,SEDANG
36,53,55,9,13,43,SEDANG
27,43,54,7,12,21,SEDANG
53,71,56,13,17,40,SEDANG
44,55,54,10,13,37,SEDANG
37,53,56,11,10,48,SEDANG
59,73,56,13,14,56,SEDANG
58,79,58,9,24,28,SEDANG
47,57,55,5,21,20,SEDANG
33,53,54,7,17,20,SEDANG
34,52,55,7,18,22,SEDANG
42,54,54,6,18,29,SEDANG
24,40,54,6,20,31,SEDANG
43,60,55,10,14,46,SEDANG
67,83,56,21,12,80,SEDANG
29,32,54,5,16,28,SEDANG
44,64,54,8,17,35,SEDANG
52,70,55,9,16,37,SEDANG
55,81,56,13,24,36,SEDANG
32,45,25,4,7,4,BAIK
54,77,25,10,6,5,SEDANG
64,74,25,15,6,7,SEDANG
40,58,25,6,4,6,SEDANG
64,90,25,10,4,4,SEDANG
67,86,26,,7,5,SEDANG
57,74,25,,8,5,SEDANG
63,85,25,9,6,6,SEDANG
61,80,25,4,5,6,SEDANG
53,67,25,7,8,6,SEDANG
49,62,25,16,8,6,SEDANG
53,76,25,24,7,8,SEDANG
81,103,25,24,6,11,TIDAK SEHAT
59,74,25,22,6,8,SEDANG
57,71,25,21,7,6,SEDANG
68,91,26,23,6,9,SEDANG
71,94,25,22,7,9,SEDANG
70,102,25,24,9,8,TIDAK SEHAT
70,86,25,21,8,9,SEDANG
46,61,25,20,7,6,SEDANG
54,67,25,18,6,2,SEDANG
37,52,25,15,8,3,SEDANG
36,52,25,18,7,4,SEDANG
70,96,26,28,5,7,SEDANG
57,59,25,22,6,6,SEDANG
51,82,34,17,33,22,SEDANG
47,68,26,18,28,9,SEDANG
24,48,25,12,29,10,BAIK
17,24,23,7,27,4,BAIK
35,68,24,15,32,12,SEDANG
59,74,25,16,38,14,SEDANG
31,52,27,11,25,8,SEDANG
40,66,25,11,28,8,SEDANG
45,77,37,12,41,18,SEDANG
33,60,28,6,46,11,SEDANG
46,69,26,14,31,13,SEDANG
30,54,24,11,37,12,SEDANG
31,54,22,9,39,12,SEDANG
,37,21,9,45,11,BAIK
32,58,24,11,38,15,SEDANG
53,78,23,18,39,26,SEDANG
43,67,22,12,32,18,SEDANG
31,57,23,11,35,16,SEDANG
49,81,22,19,31,23,SEDANG
40,69,22,10,36,13,SEDANG
55,94,20,12,115,18,TIDAK SEHAT
53,76,21,8,72,14,SEDANG
29,58,19,7,59,10,SEDANG
28,53,24,9,59,8,SEDANG
25,50,30,14,35,9,BAIK
24,41,23,17,45,14,BAIK
54,78,21,27,46,13,SEDANG
33,60,22,20,48,18,SEDANG
36,57,21,21,54,16,SEDANG
54,72,12,22,27,32,SEDANG
52,70,10,22,35,36,SEDANG
55,79,10,28,23,44,SEDANG
58,83,11,24,35,35,SEDANG
52,71,12,24,18,33,SEDANG
56,86,14,26,20,40,SEDANG
54,79,12,22,25,26,SEDANG
54,84,13,22,21,26,SEDANG
48,65,12,22,21,26,SEDANG
51,70,10,33,19,43,SEDANG
39,58,12,23,26,33,SEDANG
64,89,15,27,41,39,SEDANG
53,74,10,29,36,44,SEDANG
57,85,11,25,42,41,SEDANG
60,86,12,27,38,35,SEDANG
60,86,12,24,38,33,SEDANG
55,79,14,24,40,37,SEDANG
52,76,16,24,36,34,SEDANG
61,83,15,27,37,46,SEDANG
59,88,15,24,34,45,SEDANG
61,94,14,25,36,39,SEDANG
66,101,15,23,35,33,TIDAK SEHAT
59,87,15,24,25,37,SEDANG
56,74,15,24,33,31,SEDANG
62,89,10,33,25,51,SEDANG
57,71,10,29,22,48,SEDANG
51,70,10,27,25,41,SEDANG
56,85,13,28,24,37,SEDANG
60,89,12,32,20,39,SEDANG
51,70,13,25,15,40,SEDANG
57,74,58,7,32,11,SEDANG
,73,58,7,35,6,SEDANG
55,100,58,12,31,36,SEDANG
56,89,58,9,34,17,SEDANG
52,74,58,8,28,14,SEDANG
61,82,59,10,25,26,SEDANG
60,81,58,8,28,11,SEDANG
57,76,58,9,26,13,SEDANG
55,72,59,8,24,14,SEDANG
61,79,60,15,15,44,SEDANG
47,63,59,9,18,25,SEDANG
58,83,59,10,33,21,SEDANG
56,75,58,12,30,30,SEDANG
63,85,59,13,30,36,SEDANG
63,82,58,11,28,21,SEDANG
62,83,58,11,31,20,SEDANG
53,77,62,8,35,40,SEDANG
42,66,61,7,34,36,SEDANG
52,75,61,7,38,38,SEDANG
56,84,62,9,36,53,SEDANG
59,86,61,10,40,52,SEDANG
62,98,61,10,32,51,SEDANG
54,84,61,11,25,51,SEDANG
53,74,61,11,20,50,SEDANG
56,81,61,13,26,57,SEDANG
40,61,61,15,21,68,SEDANG
48,66,61,13,21,65,SEDANG
52,81,62,12,21,54,SEDANG
51,12,61,10,22,50,SEDANG
44,13,61,9,22,43,SEDANG
65,81,53,21,44,18,SEDANG
66,74,53,21,39,23,SEDANG
65,79,53,19,43,16,SEDANG
118,69,53,16,31,13,TIDAK SEHAT
82,76,53,21,34,19,SEDANG
162,97,53,17,39,15,TIDAK SEHAT
70,83,53,17,31,12,SEDANG
57,63,53,17,34,12,SEDANG
57,58,53,39,23,23,SEDANG
50,46,53,19,24,17,SEDANG
57,65,53,23,38,17,SEDANG
54,54,53,22,34,21,SEDANG
59,60,53,21,34,23,SEDANG
65,69,53,21,42,16,SEDANG
62,69,53,22,37,18,SEDANG
63,67,53,21,47,,SEDANG
57,60,54,18,42,25,SEDANG
60,64,54,20,52,29,SEDANG
64,69,54,20,49,25,SEDANG
61,69,54,20,54,26,SEDANG
76,75,55,22,45,23,SEDANG
68,63,54,20,35,20,SEDANG
60,54,54,19,31,18,SEDANG
68,63,54,31,34,28,SEDANG
52,53,54,27,30,27,SEDANG
56,51,53,23,33,24,SEDANG
62,62,54,22,34,20,SEDANG
90,104,54,27,31,24,TIDAK SEHAT
51,58,54,20,30,21,SEDANG
49,93,34,20,46,12,SEDANG
37,85,34,17,67,12,SEDANG
45,89,32,20,43,17,SEDANG
40,84,34,18,41,13,SEDANG
37,81,35,18,43,12,SEDANG
26,86,36,20,40,17,SEDANG
65,89,55,8,24,18,SEDANG
72,103,55,11,24,19,TIDAK SEHAT
68,103,55,8,23,13,TIDAK SEHAT
64,92,54,7,24,16,SEDANG
65,89,54,8,21,16,SEDANG
60,81,54,8,21,20,SEDANG
68,99,55,9,27,15,SEDANG
64,78,55,9,19,17,SEDANG
77,115,56,8,20,12,TIDAK SEHAT
72,102,56,12,20,20,TIDAK SEHAT
75,110,56,17,21,29,TIDAK SEHAT
67,95,56,14,22,19,SEDANG
71,99,56,12,24,12,SEDANG
77,106,57,12,25,16,TIDAK SEHAT
80,106,56,11,24,12,TIDAK SEHAT
71,91,56,10,19,19,SEDANG
60,81,56,11,16,20,SEDANG
35,55,55,10,14,15,SEDANG
59,78,56,17,16,34,SEDANG
70,97,56,12,24,15,SEDANG
79,106,56,12,22,18,TIDAK SEHAT
67,91,56,9,21,16,SEDANG
66,98,57,10,20,15,SEDANG
74,107,56,11,24,13,TIDAK SEHAT
45,62,54,8,13,20,SEDANG
58,77,54,11,15,24,SEDANG
61,76,54,11,17,25,SEDANG
52,73,55,12,19,29,SEDANG
,73,55,19,17,67,SEDANG
,72,55,13,16,50,SEDANG
64,84,55,12,17,34,SEDANG
71,94,55,13,19,32,SEDANG
67,90,56,13,15,39,SEDANG
63,80,55,9,15,31,SEDANG
63,75,55,8,13,27,SEDANG
64,74,55,14,11,38,SEDANG
52,67,55,8,14,22,SEDANG
63,73,55,13,11,28,SEDANG
67,74,55,17,10,45,SEDANG
69,85,55,10,15,20,SEDANG
56,71,55,10,18,29,SEDANG
60,72,55,11,16,38,SEDANG
57,72,56,11,18,36,SEDANG
69,84,56,15,15,41,SEDANG
67,80,56,14,16,42,SEDANG
68,81,56,10,16,37,SEDANG
64,72,56,10,13,39,SEDANG
65,70,56,13,12,44,SEDANG
27,34,55,7,12,38,SEDANG
61,70,56,15,12,65,SEDANG
59,73,56,13,16,39,SEDANG
70,82,55,20,14,36,SEDANG
61,19,55,11,12,37,SEDANG
61,19,55,12,14,38,SEDANG
69,17,13,13,16,22,SEDANG
56,,29,14,16,6,SEDANG
64,88,29,15,19,9,SEDANG
68,90,30,23,15,8,SEDANG
79,107,30,32,15,13,TIDAK SEHAT
71,97,30,19,17,10,SEDANG
78,107,30,22,16,12,TIDAK SEHAT
76,101,30,17,18,10,TIDAK SEHAT
85,111,30,18,13,13,TIDAK SEHAT
74,96,30,13,15,7,SEDANG
75,92,30,12,13,7,SEDANG
67,85,30,13,11,6,SEDANG
62,82,30,15,14,6,SEDANG
69,94,30,15,14,10,SEDANG
75,98,30,12,12,8,SEDANG
82,111,30,13,20,8,TIDAK SEHAT
74,98,30,12,18,9,SEDANG
77,105,31,14,18,11,TIDAK SEHAT
69,92,31,17,18,11,SEDANG
83,110,31,18,20,10,TIDAK SEHAT
83,107,31,17,20,15,TIDAK SEHAT
84,106,31,16,22,9,TIDAK SEHAT
78,95,31,15,16,8,SEDANG
82,95,30,18,10,6,SEDANG
41,55,30,12,9,8,SEDANG
71,88,30,15,11,8,SEDANG
81,104,31,13,22,9,TIDAK SEHAT
81,104,31,14,20,8,TIDAK SEHAT
77,94,31,11,18,7,SEDANG
77,100,31,11,19,10,SEDANG
91,110,31,13,22,9,TIDAK SEHAT
41,64,23,17,64,13,SEDANG
53,81,23,17,62,13,SEDANG
58,95,24,18,75,17,SEDANG
62,97,26,22,57,27,SEDANG
60,97,26,23,58,21,SEDANG
56,86,26,18,60,17,SEDANG
68,111,28,21,54,26,TIDAK SEHAT
65,107,28,20,58,23,TIDAK SEHAT
66,109,28,22,60,20,TIDAK SEHAT
54,80,26,16,61,12,SEDANG
52,82,25,17,65,14,SEDANG
56,87,25,23,53,16,SEDANG
45,72,24,16,59,11,SEDANG
60,101,25,23,61,22,TIDAK SEHAT
59,91,26,23,57,21,SEDANG
58,95,26,20,58,15,SEDANG
57,96,27,20,63,17,SEDANG
62,101,29,21,65,21,TIDAK SEHAT
68,108,28,21,66,21,TIDAK SEHAT
66,80,24,20,60,17,SEDANG
57,83,24,22,57,20,SEDANG
29,53,25,18,57,17,SEDANG
62,94,31,26,57,22,SEDANG
60,95,30,22,65,20,SEDANG
66,110,27,26,64,26,TIDAK SEHAT
56,87,26,17,62,14,SEDANG
54,95,28,18,66,19,SEDANG
62,111,28,21,69,22,TIDAK SEHAT
33,86,39,19,47,14,SEDANG
39,79,38,18,42,13,SEDANG
30,88,40,19,40,14,SEDANG
22,88,38,20,47,16,SEDANG
37,98,38,19,57,14,SEDANG
30,109,39,20,62,14,TIDAK SEHAT
21,92,37,19,55,14,SEDANG
37,85,37,21,42,18,SEDANG
47,109,35,28,44,24,TIDAK SEHAT
35,79,35,26,42,21,SEDANG
27,80,35,23,42,21,SEDANG
30,99,36,22,47,20,SEDANG
29,95,36,22,40,,SEDANG
18,79,38,20,35,14,SEDANG
63,91,13,29,24,46,SEDANG
61,85,13,27,23,52,SEDANG
61,90,13,29,20,44,SEDANG
59,82,16,26,21,40,SEDANG
56,80,12,30,19,46,SEDANG
52,73,10,27,27,40,SEDANG
72,108,16,31,24,48,TIDAK SEHAT
55,76,16,25,21,40,SEDANG
55,76,13,26,24,41,SEDANG
30,80,35,17,47,10,SEDANG
28,79,35,18,40,11,SEDANG
17,65,34,17,48,9,SEDANG
38,76,33,24,36,17,SEDANG
26,68,34,19,28,18,SEDANG
23,103,39,20,54,15,TIDAK SEHAT
38,81,34,21,49,18,SEDANG
34,88,34,19,49,16,SEDANG
28,87,35,20,45,13,SEDANG
26,93,36,20,44,14,SEDANG
61,101,28,19,62,20,TIDAK SEHAT
57,90,28,17,58,17,SEDANG
60,101,27,21,59,22,TIDAK SEHAT
68,103,13,28,26,44,TIDAK SEHAT
60,85,11,27,37,44,SEDANG
47,64,10,28,26,45,SEDANG
50,74,10,29,29,39,SEDANG
53,78,10,26,23,37,SEDANG
53,75,16,24,21,42,SEDANG
62,91,13,26,27,42,SEDANG
64,96,16,28,23,42,SEDANG
61,91,15,25,19,33,SEDANG
55,81,15,23,21,35,SEDANG
56,77,12,22,28,28,SEDANG
54,78,12,23,24,30,SEDANG
62,93,19,26,25,44,SEDANG
62,93,17,26,27,43,SEDANG
63,90,14,26,38,38,SEDANG
64,91,15,28,33,48,SEDANG
65,92,15,25,31,44,SEDANG
62,93,13,23,30,32,SEDANG
60,86,13,24,32,38,SEDANG
64,93,14,26,27,46,SEDANG
67,96,17,27,27,47,SEDANG
63,84,19,25,26,40,SEDANG
56,77,12,23,28,32,SEDANG
62,98,13,27,24,43,SEDANG
66,90,13,25,28,37,SEDANG
55,78,13,24,28,39,SEDANG
69,106,14,30,36,50,TIDAK SEHAT
62,86,14,24,33,41,SEDANG
65,98,14,26,41,42,SEDANG
68,98,15,28,30,46,SEDANG
56,75,14,25,24,40,SEDANG
65,99,57,10,34,23,SEDANG
64,86,57,11,28,27,SEDANG
56,70,58,9,21,31,SEDANG
54,83,58,13,23,37,SEDANG
56,80,57,12,28,24,SEDANG
61,83,58,10,25,23,SEDANG
62,92,57,10,33,20,SEDANG
74,107,59,12,25,32,TIDAK SEHAT
67,91,57,10,23,20,SEDANG
60,85,57,9,23,17,SEDANG
59,79,57,8,30,12,SEDANG
55,83,57,9,28,14,SEDANG
66,102,59,13,29,34,TIDAK SEHAT
71,100,58,11,30,29,SEDANG
67,93,57,10,40,22,SEDANG
62,90,11,28,31,41,SEDANG
55,74,9,26,25,38,SEDANG
69,103,12,38,29,51,TIDAK SEHAT
58,78,9,36,26,52,SEDANG
53,66,10,28,21,41,SEDANG
30,38,8,24,15,24,BAIK
24,41,8,24,24,26,BAIK
31,53,11,23,24,30,SEDANG
43,66,8,31,28,49,SEDANG
55,77,11,24,32,37,SEDANG
64,94,13,32,25,50,SEDANG
60,86,11,26,35,43,SEDANG
66,93,15,30,23,50,SEDANG
59,83,12,27,26,41,SEDANG
58,85,15,25,28,40,SEDANG
58,92,13,27,28,49,SEDANG
59,88,17,26,20,45,SEDANG
63,91,17,25,27,40,SEDANG
73,102,16,8,22,48,TIDAK SEHAT
67,95,14,5,24,45,SEDANG
50,61,11,5,24,40,SEDANG
58,76,14,5,26,44,SEDANG
63,88,17,6,27,51,SEDANG
55,77,16,5,16,42,SEDANG
58,82,16,,24,41,SEDANG
62,88,16,25,22,40,SEDANG
63,87,18,23,27,32,SEDANG
69,99,14,34,19,50,SEDANG
60,79,18,26,31,37,SEDANG
58,76,12,35,26,51,SEDANG
49,61,16,30,21,36,SEDANG
52,66,18,25,23,33,SEDANG
50,69,14,28,33,38,SEDANG
54,73,9,26,41,42,SEDANG
53,72,11,27,32,32,SEDANG
63,98,13,24,33,30,SEDANG
67,93,15,30,27,46,SEDANG
62,87,16,25,24,37,SEDANG
62,89,16,26,26,43,SEDANG
63,90,15,25,30,41,SEDANG
63,89,17,25,27,35,SEDANG
57,85,15,26,20,40,SEDANG
58,76,20,26,20,34,SEDANG
51,65,13,30,23,29,SEDANG
56,74,14,25,23,32,SEDANG
53,67,12,27,24,33,SEDANG
52,74,11,34,22,34,SEDANG
41,58,10,24,23,33,SEDANG
74,106,56,13,23,18,TIDAK SEHAT
70,98,57,18,20,26,SEDANG
48,61,55,10,18,17,SEDANG
57,80,56,14,17,26,SEDANG
70,97,56,15,21,28,SEDANG
62,87,56,12,21,18,SEDANG
65,88,57,10,24,14,SEDANG
68,94,56,12,22,21,SEDANG
61,82,56,9,26,7,SEDANG
66,96,57,17,18,30,SEDANG
58,99,60,11,19,21,SEDANG
58,86,57,21,14,46,SEDANG
57,69,56,14,16,38,SEDANG
60,77,57,9,18,26,SEDANG
55,77,56,10,23,25,SEDANG
54,68,55,12,28,26,SEDANG
56,77,55,11,22,23,SEDANG
57,110,58,12,22,18,TIDAK SEHAT
74,107,57,19,16,36,TIDAK SEHAT
67,94,57,11,22,17,SEDANG
75,106,58,14,25,29,TIDAK SEHAT
76,103,57,12,26,20,TIDAK SEHAT
83,104,59,13,20,23,TIDAK SEHAT
67,99,57,15,20,24,SEDANG
67,84,57,11,16,20,SEDANG
63,76,57,17,12,52,SEDANG
74,96,57,10,16,23,SEDANG
59,75,57,10,14,21,SEDANG
60,82,59,16,12,42,SEDANG
55,68,58,17,14,42,SEDANG
73,84,55,17,15,36,SEDANG
59,61,55,16,15,39,SEDANG
54,57,55,12,12,32,SEDANG
56,64,55,15,12,39,SEDANG
68,78,55,17,14,41,SEDANG
51,58,56,10,17,34,SEDANG
66,75,56,12,19,34,SEDANG
67,78,56,16,16,38,SEDANG
71,76,56,13,15,28,SEDANG
65,71,55,17,13,45,SEDANG
59,59,55,15,14,36,SEDANG
53,57,56,16,12,52,SEDANG
38,70,56,12,7,53,SEDANG
53,80,57,15,10,91,SEDANG
44,68,57,11,10,36,SEDANG
38,67,56,12,14,35,SEDANG
53,81,57,10,15,34,SEDANG
92,141,56,26,11,78,TIDAK SEHAT
68,106,56,15,11,51,TIDAK SEHAT
54,88,57,8,17,31,SEDANG
64,105,58,12,18,37,TIDAK SEHAT
62,101,57,12,16,38,TIDAK SEHAT
58,92,58,10,14,35,SEDANG
,101,58,12,14,37,TIDAK SEHAT
62,98,57,12,13,43,SEDANG
50,71,57,13,8,76,SEDANG
52,75,57,9,11,40,SEDANG
50,69,57,18,7,63,SEDANG
60,11,59,18,7,83,SEDANG
27,10,57,9,10,47,SEDANG
97,120,31,13,19,8,TIDAK SEHAT
73,91,31,12,14,12,SEDANG
60,71,31,12,12,9,SEDANG
87,106,31,13,12,8,TIDAK SEHAT
74,93,31,14,17,10,SEDANG
70,85,32,12,16,12,SEDANG
79,97,31,13,18,8,SEDANG
78,96,32,12,16,14,SEDANG
78,92,32,11,16,7,SEDANG
84,100,32,12,12,10,SEDANG
74,88,31,11,14,7,SEDANG
63,70,31,12,7,9,SEDANG
61,72,31,12,4,6,SEDANG
,74,32,11,8,6,SEDANG
,73,33,34,15,8,SEDANG
56,63,40,25,11,16,SEDANG
57,76,39,23,15,10,SEDANG
87,113,40,31,15,12,TIDAK SEHAT
77,97,40,28,13,16,SEDANG
76,92,41,21,15,16,SEDANG
78,100,41,24,19,22,SEDANG
74,103,40,23,17,18,TIDAK SEHAT
75,91,41,22,14,20,SEDANG
69,90,41,25,16,22,SEDANG
68,85,40,21,10,17,SEDANG
71,80,41,27,8,16,SEDANG
73,86,41,20,19,13,SEDANG
63,74,40,26,17,9,SEDANG
63,76,40,35,15,9,SEDANG
51,56,40,24,11,14,SEDANG
70,124,28,25,67,26,TIDAK SEHAT
66,112,27,24,70,21,TIDAK SEHAT
43,66,24,18,76,16,SEDANG
58,100,24,28,71,25,SEDANG
74,128,25,31,71,31,TIDAK SEHAT
52,84,29,18,50,18,SEDANG
60,103,27,21,68,22,TIDAK SEHAT
63,109,30,24,58,22,TIDAK SEHAT
60,99,28,20,72,19,SEDANG
60,104,28,27,61,25,TIDAK SEHAT
53,88,27,20,73,18,SEDANG
56,92,26,27,66,27,SEDANG
44,70,29,21,45,19,SEDANG
39,69,33,19,53,18,SEDANG
46,77,29,23,46,22,SEDANG
44,74,28,23,63,23,SEDANG
47,77,28,20,53,14,SEDANG
67,124,29,25,52,14,TIDAK SEHAT
67,112,30,29,48,22,TIDAK SEHAT
54,88,32,19,48,18,SEDANG
64,110,34,23,38,24,TIDAK SEHAT
63,105,32,22,51,19,TIDAK SEHAT
61,97,34,21,35,16,SEDANG
60,103,33,22,39,20,TIDAK SEHAT
58,91,35,21,39,18,SEDANG
55,84,31,29,29,13,SEDANG
47,74,34,18,41,16,SEDANG
46,70,35,24,45,19,SEDANG
55,87,30,30,46,14,SEDANG
38,66,31,22,35,16,SEDANG
70,98,57,12,29,31,SEDANG
58,84,15,25,23,38,SEDANG
60,84,17,24,24,38,SEDANG
59,87,13,24,26,35,SEDANG
59,79,12,24,29,38,SEDANG
63,92,16,25,33,41,SEDANG
75,99,23,27,27,44,SEDANG
61,83,16,26,28,43,SEDANG
59,84,15,27,15,42,SEDANG
64,94,17,24,18,37,SEDANG
64,102,16,24,29,33,TIDAK SEHAT
63,90,15,23,25,33,SEDANG
63,96,16,26,20,44,SEDANG
69,105,16,27,21,49,TIDAK SEHAT
61,92,57,15,22,26,SEDANG
59,74,58,12,17,26,SEDANG
71,103,57,18,21,48,TIDAK SEHAT
59,76,56,21,19,54,SEDANG
53,70,57,15,13,48,SEDANG
33,47,57,10,10,25,SEDANG
35,53,58,15,13,44,SEDANG
42,56,58,11,15,23,SEDANG
39,65,57,12,19,32,SEDANG
62,79,57,10,22,25,SEDANG
67,101,57,16,24,40,TIDAK SEHAT
79,109,60,17,24,46,TIDAK SEHAT
65,90,57,14,28,27,SEDANG
66,96,57,15,33,32,SEDANG
66,96,57,14,31,31,SEDANG
71,97,58,13,26,30,SEDANG
71,95,58,11,30,17,SEDANG
66,89,58,11,26,20,SEDANG
67,87,58,11,27,23,SEDANG
63,89,57,11,30,16,SEDANG
58,78,57,11,39,15,SEDANG
64,88,57,11,38,23,SEDANG
80,115,59,12,30,37,TIDAK SEHAT
70,92,57,11,36,28,SEDANG
64,93,58,11,28,25,SEDANG
70,100,58,10,28,22,SEDANG
72,104,58,10,33,17,TIDAK SEHAT
67,93,57,9,31,12,SEDANG
75,106,58,11,27,27,TIDAK SEHAT
78,110,58,11,30,26,TIDAK SEHAT
56,89,57,13,13,41,SEDANG
35,67,57,10,11,37,SEDANG
71,106,58,21,12,77,TIDAK SEHAT
46,71,57,15,12,62,SEDANG
52,69,58,12,9,57,SEDANG
28,50,57,8,6,61,SEDANG
22,32,57,11,8,85,SEDANG
36,60,58,11,11,66,SEDANG
31,58,57,11,10,45,SEDANG
51,77,58,7,12,24,SEDANG
64,101,58,13,11,31,TIDAK SEHAT
61,98,58,12,17,32,SEDANG
68,111,59,19,17,65,TIDAK SEHAT
61,92,58,12,17,33,SEDANG
57,90,58,11,17,29,SEDANG
54,86,58,9,22,27,SEDANG
59,93,58,11,17,29,SEDANG
59,88,58,9,18,26,SEDANG
53,82,58,8,19,24,SEDANG
58,89,58,9,19,28,SEDANG
52,81,58,8,20,25,SEDANG
51,78,58,8,20,25,SEDANG
55,83,59,8,23,25,SEDANG
54,82,60,7,22,30,SEDANG
45,73,58,7,20,34,SEDANG
52,76,58,8,15,38,SEDANG
60,91,59,9,19,32,SEDANG
62,99,59,9,21,32,SEDANG
54,15,59,8,22,33,SEDANG
55,16,59,8,21,32,SEDANG
62,16,28,26,21,28,SEDANG
73,98,40,30,18,14,SEDANG
61,71,40,25,15,15,SEDANG
77,105,43,36,17,15,TIDAK SEHAT
61,68,51,31,17,16,SEDANG
64,65,51,24,12,16,SEDANG
51,51,51,20,11,12,SEDANG
33,46,51,24,11,14,SEDANG
52,63,51,22,21,10,SEDANG
46,55,51,22,18,13,SEDANG
65,74,51,19,20,12,SEDANG
75,107,51,28,26,17,TIDAK SEHAT
79,94,51,26,29,20,SEDANG
,102,51,29,21,23,TIDAK SEHAT
,100,51,27,19,22,SEDANG
,88,51,23,22,22,SEDANG
74,81,51,23,29,20,SEDANG
77,97,51,26,19,22,SEDANG
76,90,51,21,24,18,SEDANG
73,81,51,19,24,17,SEDANG
76,84,51,21,25,16,SEDANG
70,81,51,20,27,16,SEDANG
69,80,51,21,32,17,SEDANG
72,81,52,21,34,19,SEDANG
77,87,52,21,26,23,SEDANG
66,74,51,20,30,19,SEDANG
64,79,52,22,25,17,SEDANG
75,92,51,20,27,16,SEDANG
75,90,51,21,31,15,SEDANG
83,97,52,20,31,17,SEDANG
80,94,52,23,28,19,SEDANG
96,113,52,28,28,20,TIDAK SEHAT
,94,34,21,44,17,SEDANG
48,74,28,19,45,16,SEDANG
,121,31,33,43,25,TIDAK SEHAT
,84,30,29,,25,SEDANG
,78,38,24,23,27,SEDANG
,43,33,20,17,16,BAIK
,45,32,24,19,13,BAIK
,60,34,22,31,14,SEDANG
,66,30,22,36,23,SEDANG
,77,35,18,44,15,SEDANG
66,117,33,27,25,23,TIDAK SEHAT
53,96,34,22,36,20,SEDANG
65,112,34,29,25,32,TIDAK SEHAT
59,104,33,25,27,23,TIDAK SEHAT
52,89,35,22,31,20,SEDANG
53,99,34,24,37,24,SEDANG
57,99,35,25,27,25,SEDANG
52,89,37,20,36,17,SEDANG
47,93,34,20,53,15,SEDANG
51,91,35,19,54,17,SEDANG
45,88,33,18,58,13,SEDANG
39,82,32,18,61,13,SEDANG
47,85,35,18,52,14,SEDANG
53,95,38,19,41,16,SEDANG
44,84,34,19,47,15,SEDANG
53,90,34,20,37,16,SEDANG
52,91,36,19,44,16,SEDANG
55,104,34,20,54,14,TIDAK SEHAT
44,94,34,20,46,15,SEDANG
53,102,33,21,39,19,TIDAK SEHAT
59,112,34,22,42,22,TIDAK SEHAT
65,91,58,11,36,27,SEDANG
70,95,58,8,34,17,SEDANG
64,89,58,7,32,10,SEDANG
61,87,58,8,35,14,SEDANG
68,97,58,9,31,20,SEDANG
73,102,58,9,33,23,TIDAK SEHAT
65,91,59,9,28,22,SEDANG
57,79,57,7,29,9,SEDANG
66,101,58,10,28,27,TIDAK SEHAT
65,93,58,9,30,17,SEDANG
54,82,58,9,35,18,SEDANG
70,106,58,12,36,31,TIDAK SEHAT
71,94,58,9,32,29,SEDANG
70,101,58,9,43,25,TIDAK SEHAT
68,93,58,11,28,34,SEDANG
59,80,58,8,31,22,SEDANG
60,99,59,10,18,40,SEDANG
45,73,58,10,11,44,SEDANG
33,60,58,12,5,53,SEDANG
45,65,58,14,4,59,SEDANG
46,72,58,10,5,41,SEDANG
53,80,58,10,6,38,SEDANG
57,92,58,9,7,33,SEDANG
69,112,59,14,9,48,TIDAK SEHAT
62,94,59,11,16,46,SEDANG
54,84,59,9,19,31,SEDANG
51,76,58,7,19,19,SEDANG
43,74,59,7,22,29,SEDANG
64,95,61,12,27,47,SEDANG
62,96,61,11,32,40,SEDANG
63,93,60,11,29,45,SEDANG
58,94,60,10,32,44,SEDANG
69,104,62,13,38,50,TIDAK SEHAT
66,104,61,11,36,38,TIDAK SEHAT
56,85,60,8,35,36,SEDANG
64,103,62,11,32,50,TIDAK SEHAT
63,103,63,12,29,58,TIDAK SEHAT
62,89,63,9,31,48,SEDANG
60,88,60,9,29,48,SEDANG
59,92,60,9,32,32,SEDANG
55,82,60,8,33,30,SEDANG
60,90,60,12,26,50,SEDANG
65,98,61,12,30,50,SEDANG
54,80,61,8,37,39,SEDANG
61,14,61,10,33,46,SEDANG
59,15,61,11,32,50,SEDANG
47,14,19,22,32,38,BAIK
72,83,51,21,32,17,SEDANG
63,75,51,23,28,20,SEDANG
54,58,51,22,22,14,SEDANG
58,64,51,29,18,13,SEDANG
53,67,51,21,21,15,SEDANG
67,75,52,21,24,17,SEDANG
76,87,52,21,30,17,SEDANG
91,98,52,25,32,22,SEDANG
78,85,53,23,32,19,SEDANG
64,75,53,19,39,18,SEDANG
62,68,52,17,47,15,SEDANG
56,66,52,17,43,14,SEDANG
75,88,53,23,38,24,SEDANG
78,85,53,24,37,25,SEDANG
78,84,53,22,42,22,SEDANG
73,83,53,23,44,24,SEDANG
75,93,54,24,56,23,SEDANG
76,90,53,21,46,16,SEDANG
70,81,53,20,48,15,SEDANG
81,95,53,22,48,20,SEDANG
85,95,53,23,43,23,SEDANG
86,102,54,19,47,17,TIDAK SEHAT
87,103,52,20,31,13,TIDAK SEHAT
69,85,53,22,40,24,SEDANG
75,80,53,21,40,19,SEDANG
72,76,53,22,40,21,SEDANG
71,84,54,26,43,29,SEDANG
70,79,53,20,52,22,SEDANG
187,123,54,23,48,33,TIDAK SEHAT
71,82,53,23,43,26,SEDANG
133,135,53,19,38,21,TIDAK SEHAT
57,107,32,20,55,15,TIDAK SEHAT
54,90,32,21,53,16,SEDANG
36,70,32,21,48,18,SEDANG
51,82,31,26,48,20,SEDANG
51,84,33,19,47,15,SEDANG
45,81,36,19,43,17,SEDANG
53,101,33,20,44,18,TIDAK SEHAT
64,118,35,24,32,24,TIDAK SEHAT
52,97,35,20,39,15,SEDANG
43,89,35,18,43,15,SEDANG
43,85,32,17,51,10,SEDANG
36,86,33,18,42,11,SEDANG
59,110,36,23,32,23,TIDAK SEHAT
58,109,36,22,40,21,TIDAK SEHAT
48,100,35,21,50,18,SEDANG
55,103,35,22,45,19,TIDAK SEHAT
51,107,37,22,51,21,TIDAK SEHAT
55,107,34,21,50,16,TIDAK SEHAT
46,94,33,19,57,15,SEDANG
62,115,33,22,52,18,TIDAK SEHAT
64,118,35,21,54,18,TIDAK SEHAT
47,87,39,18,48,15,SEDANG
46,79,33,17,67,12,SEDANG
54,101,35,19,47,16,TIDAK SEHAT
52,93,34,18,50,11,SEDANG
54,102,35,21,40,17,TIDAK SEHAT
65,116,36,22,58,18,TIDAK SEHAT
50,87,36,20,46,17,SEDANG
59,107,37,20,62,16,TIDAK SEHAT
65,127,36,23,47,21,TIDAK SEHAT
42,80,35,18,41,13,SEDANG
59,84,59,11,32,25,SEDANG
72,89,59,11,33,35,SEDANG
67,87,59,8,34,25,SEDANG
68,89,59,6,33,21,SEDANG
74,97,59,5,34,14,SEDANG
67,85,60,9,24,17,SEDANG
60,74,59,9,21,16,SEDANG
66,91,59,22,23,57,SEDANG
57,75,59,15,21,42,SEDANG
63,79,60,15,20,43,SEDANG
58,74,59,9,22,15,SEDANG
61,80,58,12,24,21,SEDANG
52,67,59,11,22,21,SEDANG
54,79,61,9,33,45,SEDANG
57,84,61,8,32,46,SEDANG
51,72,60,8,29,42,SEDANG
46,71,61,7,31,38,SEDANG
51,66,61,7,23,41,SEDANG
48,70,61,8,27,39,SEDANG
56,74,61,7,26,38,SEDANG
48,70,61,6,23,34,SEDANG
44,61,61,6,24,34,SEDANG
53,65,60,14,17,71,SEDANG
34,,60,8,20,44,SEDANG
55,80,61,11,28,52,SEDANG
51,68,60,10,26,51,SEDANG
65,87,59,11,35,22,SEDANG
53,70,60,8,32,47,SEDANG
51,74,61,8,33,44,SEDANG
59,84,61,9,28,44,SEDANG
60,61,52,22,44,24,SEDANG
65,63,53,25,47,26,SEDANG
54,57,53,20,51,27,SEDANG
50,55,53,20,56,31,SEDANG
68,70,53,24,49,28,SEDANG
64,80,54,28,42,34,SEDANG
51,62,54,21,34,19,SEDANG
72,73,53,28,37,36,SEDANG
57,59,54,19,51,24,SEDANG
51,56,54,19,40,25,SEDANG
53,55,53,19,45,22,SEDANG
52,53,53,19,42,22,SEDANG
52,57,55,18,52,22,SEDANG
60,66,54,23,44,26,SEDANG
66,64,54,21,44,24,SEDANG
64,63,54,21,45,30,SEDANG
62,59,53,24,41,27,SEDANG
33,103,37,22,51,17,TIDAK SEHAT
25,90,37,20,54,16,SEDANG
25,95,38,22,49,17,SEDANG
30,94,38,22,46,16,SEDANG
22,80,37,21,44,18,SEDANG
19,76,36,21,49,15,SEDANG
35,121,38,27,46,19,TIDAK SEHAT
25,84,39,21,39,17,SEDANG
24,82,37,20,52,13,SEDANG
32,92,38,20,52,14,SEDANG
20,102,39,23,44,20,TIDAK SEHAT
21,92,39,20,48,16,SEDANG
,111,41,21,51,14,TIDAK SEHAT
68,113,38,22,48,17,TIDAK SEHAT
34,84,39,19,61,12,SEDANG
32,111,40,22,59,18,TIDAK SEHAT
53,75,39,20,43,16,SEDANG
47,73,38,19,49,12,SEDANG
61,93,42,21,51,15,SEDANG
55,84,40,18,33,11,SEDANG
38,81,39,19,36,11,SEDANG
54,92,40,21,43,17,SEDANG
52,87,42,19,59,13,SEDANG
43,79,40,17,55,11,SEDANG
50,82,39,20,59,17,SEDANG
50,78,39,21,44,16,SEDANG
48,75,45,17,42,10,SEDANG
42,79,40,18,52,10,SEDANG
51,83,40,19,48,16,SEDANG
56,99,40,20,58,14,SEDANG
55,89,41,20,52,15,SEDANG
62,61,54,26,44,30,SEDANG
74,67,54,24,36,36,SEDANG
58,55,53,34,30,26,SEDANG
55,52,53,30,34,30,SEDANG
,37,53,28,24,25,SEDANG
42,61,54,27,24,19,SEDANG
18,64,55,22,23,20,SEDANG
18,65,55,30,35,28,SEDANG
37,56,53,28,41,30,SEDANG
38,60,53,42,33,27,SEDANG
18,41,54,22,25,21,SEDANG
19,51,54,27,23,25,SEDANG
,44,54,24,33,26,SEDANG
,52,54,22,33,24,SEDANG
,48,54,23,29,26,SEDANG
,54,55,25,28,25,SEDANG
,38,53,27,18,19,SEDANG
,38,54,26,23,16,SEDANG
,51,54,27,28,22,SEDANG
,42,54,26,18,22,SEDANG
,28,53,24,19,20,SEDANG
,27,53,19,19,16,SEDANG
,34,53,20,13,16,SEDANG
66,105,40,22,49,19,TIDAK SEHAT
60,97,41,22,44,18,SEDANG
53,81,39,26,36,18,SEDANG
52,67,38,24,38,19,SEDANG
,85,39,21,51,19,SEDANG
,78,38,22,44,19,SEDANG
,108,41,23,58,15,TIDAK SEHAT
,109,39,22,53,16,TIDAK SEHAT
,,44,21,62,15,SEDANG
,,38,23,49,17,BAIK
,,38,25,56,17,SEDANG
,68,39,24,33,17,SEDANG
,113,41,32,39,14,TIDAK SEHAT
,124,45,24,57,13,TIDAK SEHAT
,133,50,21,44,17,TIDAK SEHAT
,141,45,19,61,14,TIDAK SEHAT
,157,41,33,55,19,TIDAK SEHAT
,87,40,17,51,13,SEDANG
,86,41,21,38,13,SEDANG
,73,41,22,49,17,SEDANG
,,45,20,38,16,BAIK
,71,44,17,33,10,SEDANG
,,41,18,36,11,BAIK
,,40,16,30,7,BAIK
,,42,19,31,7,BAIK
,53,42,20,35,8,SEDANG
,56,44,19,28,12,SEDANG
,38,39,18,27,9,BAIK
,41,40,17,16,9,BAIK
,24,40,15,15,5,BAIK
32,65,67,7,9,40,BAIK
19,52,67,6,9,33,BAIK
19,31,67,4,12,15,BAIK
30,45,67,7,10,22,BAIK
17,26,67,3,12,13,BAIK
26,47,68,4,11,17,BAIK
66,103,69,27,12,98,SEDANG
38,67,68,15,18,57,SEDANG
42,69,69,11,11,29,SEDANG
38,56,68,12,7,61,BAIK
14,26,68,3,11,15,BAIK
19,40,68,3,13,10,BAIK
21,52,69,4,13,14,BAIK
22,40,68,4,11,15,BAIK
18,40,68,6,10,21,BAIK
27,48,68,5,10,21,BAIK
27,37,68,6,10,30,BAIK
50,67,69,8,8,59,BAIK
18,35,68,5,8,27,BAIK
25,46,69,5,10,32,BAIK
23,53,26,5,11,30,BAIK
53,80,16,11,13,31,SEDANG
52,78,12,15,11,45,BAIK
38,55,12,9,10,33,SEDANG
52,79,12,11,11,52,SEDANG
39,62,12,11,9,35,SEDANG
53,83,12,10,11,36,SEDANG
64,101,14,9,11,35,SEDANG
51,21,13,10,13,35,SEDANG
35,10,13,5,12,13,BAIK
29,11,6,13,10,18,BAIK
29,39,59,10,10,21,SEDANG
25,32,59,9,10,17,SEDANG
21,22,59,9,12,14,SEDANG
25,21,59,10,11,13,SEDANG
21,21,59,9,11,19,SEDANG
32,33,60,12,11,25,SEDANG
71,87,63,26,10,76,SEDANG
58,68,61,13,14,30,SEDANG
49,58,60,10,10,35,SEDANG
39,43,60,15,8,43,SEDANG
28,36,60,9,12,20,SEDANG
31,34,61,11,12,,SEDANG
36,49,72,10,11,9,SEDANG
33,48,23,11,12,13,BAIK
25,34,23,10,12,11,BAIK
62,87,11,28,33,47,SEDANG
60,87,14,25,26,41,SEDANG
51,70,10,34,29,43,SEDANG
44,60,8,25,,37,SEDANG
40,65,12,28,75,45,SEDANG
40,58,10,26,15,39,SEDANG
55,83,13,27,18,40,SEDANG
57,83,12,28,24,44,SEDANG
67,99,16,32,20,46,SEDANG
54,71,10,32,15,41,SEDANG
51,71,10,30,18,42,SEDANG
39,53,9,28,9,36,SEDANG
53,74,8,31,7,33,SEDANG
61,96,19,26,9,34,SEDANG
69,106,22,31,13,49,TIDAK SEHAT
76,109,12,28,13,40,TIDAK SEHAT
76,115,11,38,14,47,TIDAK SEHAT
52,68,9,25,9,32,SEDANG
38,61,10,28,16,36,SEDANG
44,62,13,28,19,40,SEDANG
46,64,16,26,16,36,SEDANG
32,48,13,24,17,31,BAIK
34,54,12,26,18,29,SEDANG
40,51,10,25,11,22,SEDANG
31,44,14,24,14,27,BAIK
40,55,13,26,14,29,SEDANG
50,,10,33,10,27,BAIK
30,42,9,25,9,24,BAIK
29,32,10,23,8,21,BAIK
27,40,10,22,7,16,BAIK
62,88,59,15,29,31,SEDANG
70,89,60,11,25,18,SEDANG
51,66,59,18,25,39,SEDANG
52,66,59,15,18,34,SEDANG
51,70,59,13,22,25,SEDANG
50,63,59,14,21,29,SEDANG
60,86,60,12,25,26,SEDANG
60,91,60,16,30,36,SEDANG
71,100,60,11,31,25,SEDANG
60,77,60,20,21,49,SEDANG
55,70,59,16,23,36,SEDANG
52,59,60,15,16,39,SEDANG
61,81,61,13,14,38,SEDANG
64,96,61,10,15,22,SEDANG
76,118,62,14,21,27,TIDAK SEHAT
78,113,61,13,20,25,TIDAK SEHAT
100,132,62,24,17,52,TIDAK SEHAT
58,69,60,11,16,19,SEDANG
50,68,60,16,19,33,SEDANG
57,71,61,15,23,42,SEDANG
57,70,,12,19,29,SEDANG
43,54,60,11,19,25,SEDANG
44,58,60,13,20,27,SEDANG
41,49,60,11,15,20,SEDANG
36,52,60,12,11,25,SEDANG
54,63,62,13,16,35,SEDANG
50,59,61,16,13,41,SEDANG
30,44,59,13,11,25,SEDANG
38,53,60,12,11,25,SEDANG
26,39,59,10,11,21,SEDANG
52,77,64,12,26,59,SEDANG
58,84,65,13,24,71,SEDANG
46,65,63,16,18,81,SEDANG
40,60,63,15,26,77,SEDANG
50,73,64,11,26,67,SEDANG
35,55,64,10,23,60,SEDANG
58,80,65,13,25,79,SEDANG
59,83,64,12,31,58,SEDANG
51,79,64,11,28,64,SEDANG
41,63,64,13,22,67,SEDANG
46,62,64,15,19,66,SEDANG
30,51,63,13,19,82,SEDANG
54,73,65,16,16,85,SEDANG
74,102,68,16,16,92,TIDAK SEHAT
70,102,67,13,24,71,TIDAK SEHAT
67,87,65,14,22,64,SEDANG
73,88,65,24,23,99,SEDANG
50,57,64,11,19,64,SEDANG
40,56,65,12,17,69,SEDANG
35,51,66,11,26,72,SEDANG
44,60,65,11,22,66,SEDANG
49,61,65,10,18,58,SEDANG
48,64,65,14,16,78,SEDANG
48,55,65,11,13,68,SEDANG
30,50,65,11,14,73,SEDANG
40,60,65,10,17,71,SEDANG
50,63,65,13,13,77,SEDANG
21,10,67,6,13,26,SEDANG
35,10,67,7,10,34,SEDANG
58,59,54,23,36,28,SEDANG
66,68,54,23,32,23,SEDANG
45,52,53,32,28,28,SEDANG
48,51,53,27,35,28,SEDANG
56,55,54,23,35,25,SEDANG
43,49,53,22,29,24,SEDANG
53,61,54,24,33,21,SEDANG
60,86,14,27,26,43,SEDANG
60,83,15,28,18,47,SEDANG
58,77,16,24,22,34,SEDANG
63,92,11,27,26,33,SEDANG
61,86,12,26,31,37,SEDANG
53,71,13,24,35,40,SEDANG
69,94,15,30,33,48,SEDANG
59,70,14,26,32,44,SEDANG
55,73,13,25,36,40,SEDANG
65,82,14,26,39,37,SEDANG
61,82,14,36,20,34,SEDANG
51,82,12,23,28,32,SEDANG
64,94,14,28,32,51,SEDANG
57,84,12,24,40,38,SEDANG
52,78,10,23,34,35,SEDANG
52,73,9,26,40,45,SEDANG
57,76,8,26,29,40,SEDANG
54,78,19,23,34,31,SEDANG
60,83,10,26,37,36,SEDANG
59,75,11,28,29,41,SEDANG
62,86,11,27,36,44,SEDANG
59,78,11,28,29,45,SEDANG
63,85,59,12,28,22,SEDANG
67,89,59,12,30,26,SEDANG
69,96,59,12,25,26,SEDANG
63,82,59,10,29,18,SEDANG
62,82,59,15,23,38,SEDANG
56,75,59,13,28,23,SEDANG
77,107,60,16,25,35,TIDAK SEHAT
63,84,60,12,25,23,SEDANG
62,77,59,10,30,15,SEDANG
69,88,59,11,30,22,SEDANG
62,77,59,9,28,16,SEDANG
65,82,60,10,24,19,SEDANG
62,82,58,12,24,18,SEDANG
65,82,59,13,26,26,SEDANG
60,81,59,13,36,25,SEDANG
78,100,60,16,33,36,SEDANG
60,77,59,14,32,33,SEDANG
61,80,59,12,40,23,SEDANG
78,102,59,13,34,26,TIDAK SEHAT
59,71,59,12,23,21,SEDANG
51,70,59,12,27,22,SEDANG
85,106,60,14,34,32,TIDAK SEHAT
68,90,59,11,38,17,SEDANG
60,74,59,9,29,18,SEDANG
52,69,59,9,31,18,SEDANG
59,75,59,13,31,29,SEDANG
58,77,61,11,32,19,SEDANG
64,90,60,13,30,22,SEDANG
65,86,60,14,31,29,SEDANG
66,87,59,12,34,22,SEDANG
65,80,59,13,28,26,SEDANG
62,91,62,13,25,61,SEDANG
52,84,62,10,29,53,SEDANG
49,81,63,11,23,56,SEDANG
50,75,63,10,25,52,SEDANG
39,69,62,10,27,48,SEDANG
39,67,62,9,28,41,SEDANG
78,115,63,19,23,70,TIDAK SEHAT
46,72,63,8,28,47,SEDANG
53,78,62,9,29,43,SEDANG
45,73,62,8,30,46,SEDANG
52,79,63,15,27,68,SEDANG
54,83,64,12,26,59,SEDANG
58,86,63,12,27,52,SEDANG
77,108,63,17,29,63,TIDAK SEHAT
50,72,63,9,33,44,SEDANG
61,84,63,14,31,59,SEDANG
37,64,64,8,36,45,SEDANG
36,67,63,8,39,42,SEDANG
60,94,64,12,36,63,SEDANG
53,75,65,9,22,59,SEDANG
33,69,63,7,28,35,SEDANG
49,73,64,9,27,50,SEDANG
43,72,64,7,36,46,SEDANG
26,60,64,6,29,42,SEDANG
53,69,64,9,25,58,SEDANG
46,61,63,9,23,54,SEDANG
44,72,66,8,29,52,SEDANG
58,87,64,10,28,52,SEDANG
45,11,64,10,28,54,SEDANG
53,11,64,9,34,53,SEDANG
51,11,24,26,31,41,SEDANG
100,102,54,25,37,25,TIDAK SEHAT
67,,54,22,40,22,SEDANG
65,74,54,25,33,27,SEDANG
64,67,54,21,35,22,SEDANG
58,62,54,24,33,27,SEDANG
50,56,54,21,36,19,SEDANG
75,76,54,30,28,29,SEDANG
59,62,49,20,33,23,SEDANG
61,60,53,19,37,18,SEDANG
58,62,53,20,41,20,SEDANG
64,66,53,23,34,26,SEDANG
58,64,54,21,33,25,SEDANG
59,60,53,21,36,20,SEDANG
78,76,53,29,43,30,SEDANG
15,49,13,6,20,4,BAIK
11,54,21,5,42,4,SEDANG
11,54,26,4,50,5,SEDANG
7,25,11,3,55,,SEDANG
11,37,24,3,49,3,BAIK
10,43,18,3,52,5,SEDANG
15,54,3,12,38,13,SEDANG
15,53,16,10,26,14,SEDANG
16,66,28,7,28,15,SEDANG
17,74,25,13,25,13,SEDANG
16,64,22,10,24,9,SEDANG
17,62,34,8,21,9,SEDANG
10,54,24,3,13,8,SEDANG
8,32,22,3,20,7,BAIK
11,32,15,6,25,14,BAIK
8,24,13,4,28,8,BAIK
10,51,14,7,26,13,SEDANG
27,33,22,14,16,12,BAIK
26,38,23,15,14,,BAIK
33,41,22,13,11,5,BAIK
22,28,24,12,9,5,BAIK
33,32,24,16,9,,BAIK
31,40,22,14,10,,BAIK
36,53,22,15,11,,SEDANG
39,46,21,14,12,,BAIK
49,63,23,20,14,17,SEDANG
43,50,22,16,12,15,BAIK
46,58,22,20,12,21,SEDANG
41,55,24,15,12,11,SEDANG
46,59,25,14,12,15,SEDANG
49,61,26,13,14,12,SEDANG
34,50,21,11,14,11,BAIK
29,35,22,11,12,13,BAIK
32,65,67,7,9,40,SEDANG
19,52,67,6,9,33,SEDANG
19,31,67,4,12,15,SEDANG
30,45,67,7,10,22,SEDANG
17,26,67,3,12,13,SEDANG
26,47,68,4,11,17,SEDANG
66,103,69,27,12,98,TIDAK SEHAT
38,67,68,15,18,57,SEDANG
42,69,69,11,11,29,SEDANG
38,56,68,12,7,61,SEDANG
14,26,68,3,11,15,SEDANG
19,40,68,3,13,10,SEDANG
21,52,69,4,13,14,SEDANG
22,40,68,4,11,15,SEDANG
18,40,68,6,10,21,SEDANG
27,48,68,5,10,21,SEDANG
27,37,68,6,10,30,SEDANG
50,67,69,8,8,59,SEDANG
18,35,68,5,8,27,SEDANG
25,46,69,5,10,32,SEDANG
23,53,26,5,11,30,SEDANG
53,80,16,11,13,31,SEDANG
52,78,12,15,11,45,SEDANG
38,55,12,9,10,33,SEDANG
52,79,12,11,11,52,SEDANG
39,62,12,11,9,35,SEDANG
53,83,12,10,11,36,SEDANG
64,101,14,9,11,35,TIDAK SEHAT
51,21,13,10,13,35,SEDANG
35,10,13,5,12,13,BAIK
29,11,6,13,10,18,BAIK
,28,54,18,13,10,SEDANG
,19,53,17,13,10,SEDANG
,15,53,15,17,11,SEDANG
,20,53,17,14,15,SEDANG
,17,53,15,18,12,SEDANG
,22,53,16,16,13,SEDANG
,77,54,45,19,33,SEDANG
,54,54,29,28,22,SEDANG
,37,54,22,17,23,SEDANG
,29,54,31,9,19,SEDANG
,16,54,15,14,13,SEDANG
,19,54,14,17,10,SEDANG
,22,54,14,19,12,SEDANG
15,18,54,15,14,11,SEDANG
26,21,54,18,15,14,SEDANG
22,19,54,18,14,15,SEDANG
26,21,54,18,17,15,SEDANG
35,29,54,18,12,11,SEDANG
24,22,54,16,13,10,SEDANG
26,20,54,18,17,14,SEDANG
34,20,22,17,14,16,BAIK
48,35,22,22,19,22,BAIK
50,30,21,25,18,24,BAIK
38,22,21,23,15,21,BAIK
39,27,21,14,15,12,BAIK
42,26,21,14,14,10,BAIK
44,29,21,11,17,14,BAIK
50,33,23,9,20,13,BAIK
53,37,23,12,19,14,SEDANG
39,19,22,7,22,11,BAIK
27,15,21,6,18,8,BAIK
,26,39,15,16,4,BAIK
,22,39,15,19,3,BAIK
,18,39,14,21,3,BAIK
,23,42,15,22,6,BAIK
,22,41,15,28,5,BAIK
,31,45,16,27,8,BAIK
,67,44,41,33,15,SEDANG
,48,40,24,41,12,BAIK
,50,43,19,39,12,BAIK
,43,40,21,24,8,BAIK
,33,42,15,26,4,BAIK
,25,42,15,21,4,BAIK
,36,45,15,17,6,BAIK
,31,42,15,20,4,BAIK
,34,44,16,22,5,BAIK
,35,42,16,30,6,BAIK
,37,42,16,34,7,BAIK
,29,18,15,29,5,BAIK
,20,51,4,29,5,SEDANG
,36,15,7,31,6,BAIK
,38,17,6,35,8,BAIK
,38,14,7,41,12,BAIK
,35,3,8,43,12,BAIK
,51,10,11,39,12,SEDANG
,43,9,7,33,9,BAIK
,51,7,10,24,11,SEDANG
,55,27,9,30,12,SEDANG
,40,26,6,30,12,BAIK
,51,32,8,28,11,SEDANG
,34,9,5,38,8,BAIK
,26,9,3,26,3,BAIK
46,63,12,22,10,16,SEDANG
30,38,12,21,11,18,BAIK
43,57,14,23,11,24,SEDANG
37,61,15,22,9,17,SEDANG
26,56,10,20,8,11,SEDANG
47,58,14,28,9,21,SEDANG
33,46,13,24,7,19,BAIK
30,46,12,24,7,19,BAIK
20,26,9,23,7,19,BAIK
39,58,,19,12,25,SEDANG
41,56,,10,18,27,SEDANG
45,58,19,13,13,25,SEDANG
28,37,12,11,9,18,BAIK
32,54,51,15,6,13,SEDANG
34,51,62,15,8,23,SEDANG
40,57,62,15,6,25,SEDANG
33,55,,14,7,25,SEDANG
24,34,29,11,10,21,BAIK
29,50,34,12,10,20,BAIK
25,39,30,10,11,22,BAIK
32,52,23,19,7,31,SEDANG
31,51,28,17,7,29,SEDANG
38,59,26,16,11,33,SEDANG
52,73,25,22,10,38,SEDANG
39,55,24,19,8,24,SEDANG
42,59,32,16,7,28,SEDANG
35,50,26,10,7,19,BAIK
31,36,23,9,6,17,BAIK
25,32,19,10,8,25,BAIK
25,30,18,9,17,21,BAIK
37,51,21,12,16,31,SEDANG
48,60,25,13,12,13,SEDANG
29,38,23,11,12,12,BAIK
51,60,26,13,12,16,SEDANG
37,48,24,10,11,14,BAIK
29,51,22,11,10,16,SEDANG
56,71,25,18,11,36,SEDANG
32,37,24,12,11,17,BAIK
29,36,24,11,10,19,BAIK
22,23,21,11,12,17,BAIK
47,56,23,16,14,15,SEDANG
39,55,22,11,19,8,SEDANG
44,55,24,11,14,10,SEDANG
26,33,22,11,12,12,BAIK
28,32,23,11,10,15,BAIK
30,43,24,13,11,26,BAIK
36,48,25,10,10,17,BAIK
32,47,25,9,11,12,BAIK
24,35,21,10,12,13,BAIK
33,39,24,10,11,17,BAIK
26,37,26,10,12,12,BAIK
39,53,21,17,9,23,SEDANG
36,52,24,14,9,22,SEDANG
35,46,21,8,13,11,BAIK
52,68,26,14,11,20,SEDANG
47,57,24,15,11,35,SEDANG
47,57,24,12,10,19,SEDANG
29,49,22,7,9,14,BAIK
33,36,22,7,9,13,BAIK
27,30,21,8,12,12,BAIK
,26,20,6,20,11,BAIK
51,41,20,8,16,10,SEDANG
49,73,,8,10,27,SEDANG
28,60,,6,11,22,SEDANG
38,69,,8,13,35,SEDANG
34,62,13,5,10,23,SEDANG
41,68,13,7,9,35,SEDANG
51,79,16,13,13,46,SEDANG
51,71,13,8,10,38,SEDANG
31,54,13,5,12,19,SEDANG
20,51,14,8,13,26,SEDANG
53,77,19,15,16,43,SEDANG
29,63,11,8,23,9,SEDANG
37,64,9,8,13,11,SEDANG
36,59,8,8,10,18,SEDANG
28,52,14,6,10,10,SEDANG
35,56,11,9,10,33,SEDANG
34,60,11,6,10,19,SEDANG
33,59,14,7,11,16,SEDANG
21,40,12,7,11,9,BAIK
19,40,12,6,11,17,BAIK
23,41,13,7,12,12,BAIK
40,58,13,14,11,56,SEDANG
33,51,14,13,8,48,SEDANG
57,90,23,20,13,81,SEDANG
51,75,22,14,11,59,SEDANG
31,57,20,11,9,51,SEDANG
42,63,23,14,8,63,SEDANG
26,54,20,6,9,18,SEDANG
23,46,23,5,9,,BAIK
25,40,24,10,9,27,BAIK
23,38,22,8,17,,BAIK
32,55,23,10,18,16,SEDANG
46,30,23,9,19,9,BAIK
31,23,23,8,20,11,BAIK
55,51,23,12,19,13,SEDANG
45,27,24,7,17,11,BAIK
35,28,23,9,12,8,BAIK
55,43,22,18,21,11,SEDANG
37,25,10,12,14,8,BAIK
27,21,10,8,15,9,BAIK
26,16,10,10,14,13,BAIK
50,33,12,19,22,17,BAIK
45,23,12,10,30,17,BAIK
48,21,11,11,19,11,BAIK
30,22,11,10,12,12,BAIK
26,14,13,8,14,11,BAIK
32,23,12,10,14,9,BAIK
34,23,13,8,16,10,BAIK
33,20,14,8,15,11,BAIK
22,14,11,8,15,9,BAIK
27,16,12,8,17,9,BAIK
27,16,12,10,18,9,BAIK
39,22,12,14,15,11,BAIK
31,14,12,16,11,10,BAIK
52,35,15,18,18,14,SEDANG
54,30,12,13,17,12,SEDANG
46,33,14,15,15,11,BAIK
49,27,13,17,12,9,BAIK
26,20,12,7,14,8,BAIK
27,18,13,6,12,7,BAIK
27,12,11,10,13,10,BAIK
50,52,12,9,22,10,SEDANG
33,14,12,9,26,13,BAIK
,48,12,6,26,7,BAIK
,26,13,4,28,4,BAIK
,46,22,8,26,8,BAIK
,33,25,4,28,8,BAIK
,26,4,4,16,,BAIK
,46,15,8,17,,BAIK
9,43,21,4,20,4,BAIK
10,35,12,4,22,5,BAIK
14,29,3,6,31,7,BAIK
20,74,12,13,29,15,SEDANG
19,60,10,6,36,10,SEDANG
14,56,14,5,25,9,SEDANG
10,35,8,5,21,5,BAIK
12,33,17,5,24,6,BAIK
41,51,19,10,14,27,SEDANG
41,47,18,9,15,20,BAIK
38,45,19,9,16,24,BAIK
54,73,26,17,11,40,SEDANG
40,47,27,13,10,26,BAIK
41,53,37,14,11,31,SEDANG
35,50,30,13,11,29,BAIK
33,48,31,12,10,34,BAIK
38,52,33,12,11,25,SEDANG
31,38,29,11,13,26,BAIK
36,51,29,13,12,35,SEDANG
54,74,37,16,16,43,SEDANG
56,74,35,18,9,39,SEDANG
44,68,35,13,9,30,SEDANG
34,54,33,12,7,19,SEDANG
42,67,36,18,10,26,SEDANG
44,,33,16,6,,BAIK
48,,,,,,BAIK
53,73,32,28,6,26,SEDANG
42,50,31,11,10,22,BAIK
51,72,40,20,9,30,SEDANG
50,63,33,22,9,31,SEDANG
56,70,48,21,8,30,SEDANG
42,55,28,15,14,28,SEDANG
47,66,38,19,5,31,SEDANG
45,57,30,17,7,30,SEDANG
54,85,36,26,12,50,SEDANG
44,57,33,13,10,23,SEDANG
51,33,20,6,17,7,SEDANG
38,35,20,5,19,9,BAIK
39,37,20,5,21,10,BAIK
52,61,21,7,16,10,SEDANG
42,42,23,7,11,14,BAIK
40,51,21,4,14,11,SEDANG
35,44,21,6,15,15,BAIK
42,50,21,6,14,9,BAIK
34,33,22,4,15,9,BAIK
36,35,21,3,15,10,BAIK
34,37,22,4,15,11,BAIK
53,71,30,5,19,7,SEDANG
65,79,31,4,20,13,SEDANG
56,70,31,2,17,11,SEDANG
37,51,29,,9,17,SEDANG
39,56,29,,8,21,SEDANG
49,69,31,29,7,50,SEDANG
,67,31,29,8,29,SEDANG
55,38,18,10,24,15,SEDANG
36,49,29,14,10,15,BAIK
25,29,28,15,12,12,BAIK
32,52,29,15,13,9,SEDANG
37,53,29,13,16,8,SEDANG
37,50,28,13,17,8,BAIK
39,53,28,14,18,9,SEDANG
46,56,28,21,13,15,SEDANG
39,47,28,15,15,9,BAIK
35,39,28,16,11,13,BAIK
51,61,28,20,13,16,SEDANG
54,60,28,16,15,12,SEDANG
37,49,28,16,12,13,BAIK
20,21,28,12,12,12,BAIK
26,30,28,13,12,13,BAIK
22,25,28,12,12,12,BAIK
26,58,58,11,20,24,SEDANG
57,94,59,18,26,26,SEDANG
24,53,59,10,24,14,SEDANG
19,46,,,,,BAIK
39,65,60,13,22,37,SEDANG
59,99,60,19,23,59,SEDANG
29,52,58,7,16,10,SEDANG
42,72,60,9,17,25,SEDANG
35,58,,,,,SEDANG
42,67,,,,,SEDANG
59,87,,,,,SEDANG
40,64,59,16,22,46,SEDANG
50,86,63,12,22,35,SEDANG
40,63,58,11,12,32,SEDANG
42,65,59,6,8,20,SEDANG
32,53,58,8,8,,SEDANG
39,70,57,11,7,37,SEDANG
20,40,55,7,13,21,SEDANG
23,39,17,6,17,15,BAIK
35,56,26,7,15,35,SEDANG
42,66,21,11,15,38,SEDANG
56,87,19,11,13,27,SEDANG
52,73,20,12,11,36,SEDANG
43,65,21,12,15,24,SEDANG
39,62,19,18,10,56,SEDANG
56,84,21,16,15,34,SEDANG
56,92,21,25,11,93,SEDANG
33,53,19,13,8,29,SEDANG
17,26,18,4,10,9,BAIK
31,28,18,8,8,36,BAIK
24,30,7,12,11,14,BAIK
48,25,16,11,32,18,BAIK
54,,16,14,32,20,SEDANG
37,32,15,10,30,16,BAIK
26,25,15,8,19,19,BAIK
26,41,29,13,11,15,BAIK
,63,32,17,15,8,SEDANG
,56,32,19,12,15,SEDANG
,63,32,19,10,15,SEDANG
,43,30,15,19,8,BAIK
31,51,40,16,17,21,SEDANG
54,61,35,19,9,18,SEDANG
64,83,31,22,11,24,SEDANG
41,59,28,20,11,10,SEDANG
33,57,25,9,19,14,SEDANG
41,68,24,13,17,21,SEDANG
41,64,27,13,17,21,SEDANG
54,84,35,15,16,45,SEDANG
31,44,33,5,14,9,BAIK
25,50,36,6,15,7,BAIK
31,58,37,12,18,40,SEDANG
35,56,41,10,16,18,SEDANG
45,60,44,12,15,25,SEDANG
49,69,44,13,16,27,SEDANG
46,66,44,12,19,21,SEDANG
57,85,48,14,19,28,SEDANG
53,78,50,12,14,39,SEDANG
47,71,51,9,12,42,SEDANG
35,60,49,7,10,25,SEDANG
61,92,,,,,SEDANG
53,75,52,13,7,52,SEDANG
45,68,,,,,SEDANG
59,82,,,,,SEDANG
32,56,50,9,11,28,SEDANG
45,64,55,9,14,20,SEDANG
40,70,54,8,9,20,SEDANG
46,67,59,12,12,42,SEDANG
45,70,52,18,19,40,SEDANG
41,67,53,14,11,47,SEDANG
46,65,57,11,11,51,SEDANG
63,94,57,20,16,45,SEDANG
34,61,61,11,25,20,SEDANG
39,15,12,9,24,13,BAIK
41,14,12,10,23,12,BAIK
52,21,13,13,24,14,SEDANG
52,30,14,16,22,20,SEDANG
35,14,13,9,16,14,BAIK
31,16,13,8,19,14,BAIK
40,19,13,12,21,20,BAIK
44,23,13,11,20,19,BAIK
,19,14,15,19,17,BAIK
34,18,,,,,BAIK
42,22,13,12,23,19,BAIK
58,32,14,17,21,23,SEDANG
72,52,15,14,19,15,SEDANG
56,39,16,11,19,23,SEDANG
43,23,14,9,12,8,BAIK
54,35,15,18,15,21,SEDANG
77,60,14,24,14,12,SEDANG
33,35,15,11,20,14,BAIK
46,39,17,10,23,18,BAIK
37,33,16,10,18,12,BAIK
42,36,17,15,17,15,BAIK
36,43,15,15,32,22,BAIK
44,50,15,18,8,10,BAIK
49,30,15,14,17,21,BAIK
82,55,15,23,24,23,SEDANG
49,36,16,14,28,20,BAIK
12,50,15,5,31,12,BAIK
13,41,13,5,44,8,BAIK
11,50,13,5,46,10,BAIK
19,83,22,10,33,13,SEDANG
19,40,24,5,27,10,BAIK
15,51,22,6,28,10,SEDANG
11,36,14,7,34,9,BAIK
24,41,17,7,29,13,BAIK
12,41,19,6,30,10,BAIK
51,50,15,7,33,10,SEDANG
52,47,15,7,38,9,SEDANG
18,78,26,9,34,13,SEDANG
19,77,25,10,28,10,SEDANG
11,59,23,5,14,5,SEDANG
10,53,21,4,17,5,SEDANG
17,64,27,7,21,7,SEDANG
14,59,24,11,24,5,SEDANG
14,69,30,15,21,7,SEDANG
24,92,24,18,23,6,SEDANG
16,51,31,8,20,6,SEDANG
14,,,,,,BAIK
17,59,48,7,15,5,SEDANG
35,78,42,13,16,5,SEDANG
14,66,18,11,35,5,SEDANG
18,75,28,13,25,4,SEDANG
16,60,29,10,24,6,SEDANG
29,111,24,21,34,8,TIDAK SEHAT
20,71,24,9,31,6,SEDANG
59,55,16,16,32,16,SEDANG
32,25,15,7,22,12,BAIK
52,54,18,11,28,18,SEDANG
53,44,16,15,21,18,SEDANG
48,40,,,,,BAIK
,68,,,,,SEDANG
46,50,20,9,29,19,BAIK
54,55,21,11,25,22,SEDANG
52,43,17,9,18,12,SEDANG
29,31,16,6,11,6,BAIK
28,26,16,8,10,7,BAIK
26,20,16,8,19,15,BAIK
24,24,16,8,22,16,BAIK
38,36,21,9,25,18,BAIK
36,31,17,11,23,18,BAIK
47,51,18,13,27,21,SEDANG
42,37,18,12,17,16,BAIK
41,36,17,12,20,16,BAIK
37,33,16,18,14,12,BAIK
53,44,17,19,20,16,SEDANG
71,54,17,20,18,15,SEDANG
45,33,17,13,14,15,BAIK
18,19,16,6,13,8,BAIK
26,28,16,9,12,8,BAIK
23,24,17,7,14,5,BAIK
10,59,17,9,28,6,SEDANG
25,92,21,11,39,5,SEDANG
12,54,16,7,42,4,SEDANG
,52,21,6,38,6,SEDANG
18,63,25,10,36,6,SEDANG
30,90,25,11,39,4,SEDANG
15,28,17,2,24,2,BAIK
12,61,19,4,29,2,SEDANG
27,75,20,12,30,4,SEDANG
10,77,16,15,29,4,SEDANG
9,100,23,19,27,5,SEDANG
5,54,47,3,28,4,SEDANG
8,73,53,4,35,4,SEDANG
,58,22,4,23,2,SEDANG
21,25,17,2,19,1,BAIK
27,47,16,4,13,1,BAIK
20,63,30,8,16,2,SEDANG
16,21,16,4,28,11,BAIK
27,38,19,6,24,11,BAIK
27,55,37,5,34,11,SEDANG
23,58,19,6,27,12,SEDANG
22,72,28,8,38,12,SEDANG
39,64,27,12,38,10,SEDANG
24,60,25,7,34,11,SEDANG
33,59,24,7,29,11,SEDANG
25,77,19,10,44,11,SEDANG
23,73,21,12,39,10,SEDANG
16,52,17,7,32,11,SEDANG
10,20,19,3,24,10,BAIK
12,52,26,5,21,12,SEDANG
13,37,35,3,23,13,BAIK
36,59,29,16,11,33,SEDANG
51,69,28,14,18,28,SEDANG
35,55,27,14,15,30,SEDANG
29,53,28,13,16,31,SEDANG
43,61,32,15,10,37,SEDANG
54,81,32,20,16,42,SEDANG
25,34,28,8,14,15,BAIK
44,72,31,15,18,27,SEDANG
47,70,29,15,17,34,SEDANG
43,64,27,17,11,34,SEDANG
56,,,,,,SEDANG
39,62,42,15,13,37,SEDANG
49,71,37,15,12,38,SEDANG
43,59,31,12,10,23,SEDANG
27,47,29,10,9,14,BAIK
26,44,28,10,9,13,BAIK
37,57,33,13,6,20,SEDANG
18,40,27,11,13,22,BAIK
30,54,31,12,13,31,SEDANG
59,60,36,12,16,31,SEDANG
36,57,29,11,15,25,SEDANG
45,66,30,13,15,29,SEDANG
50,63,29,20,10,26,SEDANG
38,60,29,13,13,23,SEDANG
36,,28,15,8,22,BAIK
42,64,27,17,10,28,SEDANG
50,71,26,18,7,26,SEDANG
32,47,27,10,8,19,BAIK
17,33,26,6,11,11,BAIK
22,37,28,8,11,11,BAIK
24,40,30,7,11,8,BAIK
49,73,,,,,SEDANG
51,68,30,16,25,7,SEDANG
43,56,29,17,16,10,SEDANG
32,51,30,15,18,7,SEDANG
52,63,37,16,17,15,SEDANG
60,83,31,20,20,15,SEDANG
31,34,28,13,15,12,BAIK
51,67,31,17,22,8,SEDANG
59,75,34,23,15,11,SEDANG
51,69,31,22,15,15,SEDANG
37,56,31,14,13,10,SEDANG
48,58,31,14,13,11,SEDANG
51,62,30,16,12,13,SEDANG
26,37,28,14,11,14,BAIK
31,47,,,,,BAIK
